page_no,bid_number,detail_url,items,quantity,department,start_date,end_date,relevance,relevance_score,match_count,match_relevency,matches,matches_status,relevency_result,main_relevency_score,dept,ra_no,ra_url,Representation_json,Corrigendum_json
1,GEM/2025/B/6962014,https://bidplus.gem.gov.in/showbidDocument/8669262,,150,"Ministry of Defence
Department of Military Affairs",30-12-2025 11:00 PM,01-01-2026 9:00 AM,0,0.19876111587342105,0,0,[],No,1,0.53792238604803,,GEM/2025/R/598557,https://bidplus.gem.gov.in/showradocumentPdf/8774541,,
1,GEM/2025/B/6997612,https://bidplus.gem.gov.in/showbidDocument/8709767,Facility Management Services -...,1,Urban Development and Urban Housing Department Gujarat,30-12-2025 10:00 PM,01-01-2026 9:00 AM,1,0.6373244522339908,0,0,[],No,1,0.5758064950161486,,GEM/2025/R/598551,https://bidplus.gem.gov.in/showradocumentPdf/8774458,"{""title"": ""×\nPublish Representations"", ""content"": [], ""changes"": []}",
1,GEM/2025/B/7011106,https://bidplus.gem.gov.in/showbidDocument/8725094,TUBE INNER PNEU 355 90 20 C W ...,952,"Ministry of Defence
Department of Military Affairs",30-12-2025 10:00 PM,01-01-2026 9:00 AM,0,0.44153870051605265,1,33,"[{""phrase"": ""0"", ""category"": ""Overall"", ""match_type"": ""exact"", ""weight"": 3, ""matched_text"": ""0""}]",Yes,1,0.64740040739337,MeriScreen HCV,GEM/2025/R/598556,https://bidplus.gem.gov.in/showradocumentPdf/8774515,,
1,GEM/2025/B/6995189,https://bidplus.gem.gov.in/showbidDocument/8707087,,4362,"Ministry of Defence
Department of Military Affairs",30-12-2025 10:00 PM,01-01-2026 9:00 AM,0,0.19876111587342105,0,0,[],No,1,0.53792238604803,,GEM/2025/R/598552,https://bidplus.gem.gov.in/showradocumentPdf/8774486,,
1,GEM/2025/B/6785986,https://bidplus.gem.gov.in/showbidDocument/8468562,Transformer Oil Tan Delta & Re...,3,Energy Department Odisha,30-12-2025 10:00 PM,01-01-2026 9:00 AM,0,0.07928128309041567,0,0,[],No,1,0.5881397376714763,,GEM/2025/R/598555,https://bidplus.gem.gov.in/showradocumentPdf/8774503,,
1,GEM/2025/B/6930567,https://bidplus.gem.gov.in/showbidDocument/8633512,ELECTRONICS METER REGISTER PES...,15,"Ministry of Petroleum and Natural Gas
NA",30-12-2025 10:00 PM,01-01-2026 9:00 AM,0,0.3601024779408311,0,0,[],No,1,0.5998448696175408,,GEM/2025/R/598554,https://bidplus.gem.gov.in/showradocumentPdf/8774498,,
1,GEM/2025/B/6915137,https://bidplus.gem.gov.in/showbidDocument/8615681,"Hydrocortisone 5 mg Tab,Bosent...",161581,"Ministry of Defence
Department of Military Affairs",30-12-2025 10:00 PM,01-01-2026 9:00 AM,1,0.663928669723665,0,0,[],No,1,0.5975566371768019,,GEM/2025/R/598553,https://bidplus.gem.gov.in/list-ra-schedules/8774497,,
1,GEM/2025/B/7017724,https://bidplus.gem.gov.in/showbidDocument/8732437,"Title1,Title2,Title3,Title4,Ti...",498,"Ministry of Defence
Department of Military Affairs",30-12-2025 9:00 PM,31-12-2025 9:00 PM,1,0.8891657837001072,0,0,[],No,1,0.5413332161734106,,GEM/2025/R/598541,https://bidplus.gem.gov.in/showradocumentPdf/8774408,,
1,GEM/2025/B/6869618,https://bidplus.gem.gov.in/showbidDocument/8564009,,1,Panchayats and Rural Housing Department Gujarat,30-12-2025 9:00 PM,31-12-2025 9:00 PM,0,0.19876111587342105,0,0,[],No,1,0.53792238604803,,GEM/2025/R/598540,https://bidplus.gem.gov.in/showradocumentPdf/8774405,"{""title"": ""×\nPublish Representations"", ""content"": [], ""changes"": []}",
1,GEM/2025/B/7005937,https://bidplus.gem.gov.in/showbidDocument/8719325,ELECTRO MAGNETIC EXPLOSIVE & F...,1,"Ministry of Defence
Department of Military Affairs",30-12-2025 9:00 PM,31-12-2025 9:00 PM,0,0.13719916456920625,0,0,[],No,1,0.5786261926832024,,GEM/2025/R/598539,https://bidplus.gem.gov.in/showradocumentPdf/8774394,,
2,GEM/2025/B/7038819,https://bidplus.gem.gov.in/showbidDocument/8756434,,13,"Ministry of Defence
Department of Military Affairs",30-12-2025 9:00 PM,31-12-2025 9:00 PM,0,0.19876111587342105,0,0,[],No,1,0.53792238604803,,GEM/2025/R/598543,https://bidplus.gem.gov.in/showradocumentPdf/8774417,,
2,GEM/2025/B/6973660,https://bidplus.gem.gov.in/showbidDocument/8682529,"CCTV CAMERA BULLET 2MP,POE SWI...",85,"Ministry of Defence
Department of Military Affairs",30-12-2025 9:00 PM,31-12-2025 9:00 PM,0,0.11510218599943198,0,0,[],No,1,0.5637040100463012,,GEM/2025/R/598542,https://bidplus.gem.gov.in/showradocumentPdf/8774414,,
2,GEM/2025/B/7017724,https://bidplus.gem.gov.in/showbidDocument/8732437,"Title1,Title2,Title3,Title4,Ti...",498,"Ministry of Defence
Department of Military Affairs",30-12-2025 9:00 PM,31-12-2025 9:00 PM,1,0.8891657837001072,0,0,[],No,1,0.5413332161734106,,GEM/2025/R/598541,https://bidplus.gem.gov.in/showradocumentPdf/8774408,,
2,GEM/2025/B/6869618,https://bidplus.gem.gov.in/showbidDocument/8564009,,1,Panchayats and Rural Housing Department Gujarat,30-12-2025 9:00 PM,31-12-2025 9:00 PM,0,0.19876111587342105,0,0,[],No,1,0.53792238604803,,GEM/2025/R/598540,https://bidplus.gem.gov.in/showradocumentPdf/8774405,"{""title"": ""×\nPublish Representations"", ""content"": [], ""changes"": []}",
2,GEM/2025/B/7005937,https://bidplus.gem.gov.in/showbidDocument/8719325,ELECTRO MAGNETIC EXPLOSIVE & F...,1,"Ministry of Defence
Department of Military Affairs",30-12-2025 9:00 PM,31-12-2025 9:00 PM,0,0.13719916456920625,0,0,[],No,1,0.5786261926832024,,GEM/2025/R/598539,https://bidplus.gem.gov.in/showradocumentPdf/8774394,,
2,GEM/2025/B/6984085,https://bidplus.gem.gov.in/showbidDocument/8694793,"Eb Clarinet Pad,Obeo Pad,Tenor...",31,"Ministry of Defence
Department of Military Affairs",30-12-2025 9:00 PM,31-12-2025 9:00 PM,1,0.5268645710611777,0,0,[],No,1,0.5896072910281287,,GEM/2025/R/598537,https://bidplus.gem.gov.in/showradocumentPdf/8774385,,
2,GEM/2025/B/7023222,https://bidplus.gem.gov.in/showbidDocument/8738606,Chicken (Broiler) Dressed Chil...,1000,"Ministry of Defence
Department of Military Affairs",30-12-2025 9:00 PM,31-12-2025 9:00 PM,0,0.14322746455553054,0,0,[],No,1,0.5678600197857477,,GEM/2025/R/598549,https://bidplus.gem.gov.in/showradocumentPdf/8774436,,
2,GEM/2025/B/7020023,https://bidplus.gem.gov.in/showbidDocument/8735005,Continuous and Pulsed Long Wav...,1,"Ministry of Defence
Department of Military Affairs",30-12-2025 9:00 PM,31-12-2025 9:00 PM,0,0.25501500093075585,0,0,[],No,1,0.6311175159838631,CelQuant 5 plus Reagents,GEM/2025/R/598548,https://bidplus.gem.gov.in/showradocumentPdf/8774435,,
2,GEM/2025/B/6799506,https://bidplus.gem.gov.in/showbidDocument/8483593,"Patient Bed (Semi Fowler),Mobi...",12,"Ministry of Home Affairs
Central Armed Police Forces",30-12-2025 9:00 PM,31-12-2025 9:00 PM,0,0.12330998073303183,0,0,[],No,1,0.6490154300074137,Semi Automated Biochemistry Analyzers,GEM/2025/R/598536,https://bidplus.gem.gov.in/list-ra-schedules/8774370,,
2,GEM/2025/B/6959611,https://bidplus.gem.gov.in/showbidDocument/8666592,ELECTRODES WELDING BRONZE 3.15...,1533,"Ministry of Defence
Department of Military Affairs",30-12-2025 9:00 PM,31-12-2025 9:00 PM,0,0.29208259527936786,0,0,[],No,1,0.5707305698567666,,GEM/2025/R/598550,https://bidplus.gem.gov.in/showradocumentPdf/8774451,,
3,GEM/2025/B/6875143,https://bidplus.gem.gov.in/showbidDocument/8570496,1 FR 28g Picc Polyurethane Dis...,7770,"Ministry of Defence
Department of Military Affairs",30-12-2025 9:00 PM,01-01-2026 9:00 AM,1,0.84880665610565,0,0,[],No,1,0.6094245001449959,,GEM/2025/R/598538,https://bidplus.gem.gov.in/list-ra-schedules/8774392,,
3,GEM/2025/B/6682791,https://bidplus.gem.gov.in/showbidDocument/8350295,Automatic External Defibrillat...,2,"Ministry of Home Affairs
Central Armed Police Forces",30-12-2025 9:00 PM,31-12-2025 9:00 PM,0,0.11087434039611466,0,0,[],No,1,0.5729746564752707,,GEM/2025/R/598544,https://bidplus.gem.gov.in/showradocumentPdf/8774420,,
3,GEM/2025/B/6986241,https://bidplus.gem.gov.in/showbidDocument/8697172,"CLO ITEMS 1,CLO ITEMS 2,CLO IT...",1898,"Ministry of Defence
Department of Military Affairs",30-12-2025 8:00 PM,31-12-2025 8:00 PM,0,0.12050844516804728,0,0,[],No,1,0.5952591369196857,,GEM/2025/R/598503,https://bidplus.gem.gov.in/showradocumentPdf/8774210,,
3,GEM/2025/B/6384904,https://bidplus.gem.gov.in/showbidDocument/8012502,Quadcopter/Drone Training Labo...,2,"Ministry of Defence
Department of Military Affairs",30-12-2025 8:00 PM,31-12-2025 8:00 PM,0,0.0973081690132346,0,0,[],No,1,0.5483352255521929,,GEM/2025/R/598502,https://bidplus.gem.gov.in/showradocumentPdf/8774207,,
3,GEM/2025/B/6764339,https://bidplus.gem.gov.in/showbidDocument/8443716,Head Mounted VR Gear as per sp...,37,"Ministry of Defence
Department of Military Affairs",30-12-2025 8:00 PM,31-12-2025 8:00 PM,0,0.04075769298498758,0,0,[],No,1,0.5469631114930805,,GEM/2025/R/598500,https://bidplus.gem.gov.in/showradocumentPdf/8774202,"{""title"": ""×\nPublish Representations"", ""content"": [], ""changes"": []}",
3,GEM/2025/B/6995314,https://bidplus.gem.gov.in/showbidDocument/8707223,,30,"Ministry of Defence
Department of Military Affairs",30-12-2025 8:00 PM,31-12-2025 8:00 PM,0,0.19876111587342105,0,0,[],No,1,0.53792238604803,,GEM/2025/R/598513,https://bidplus.gem.gov.in/showradocumentPdf/8774276,,
3,GEM/2025/B/6944916,https://bidplus.gem.gov.in/showbidDocument/8649696,Modular Piano Type Domestic El...,2908,"Ministry of Defence
Department of Military Affairs",30-12-2025 8:00 PM,31-12-2025 8:00 PM,0,0.08022350109127693,0,0,[],No,1,0.5540350805799703,,GEM/2025/R/598512,https://bidplus.gem.gov.in/showradocumentPdf/8774270,,
3,GEM/2025/B/6981942,https://bidplus.gem.gov.in/showbidDocument/8692454,"Chilli Whole,Coriander Whole,T...",700,"Ministry of Defence
Department of Military Affairs",30-12-2025 8:00 PM,31-12-2025 8:00 PM,0,0.1324676191268728,0,0,[],No,1,0.5857015620605108,,GEM/2025/R/598511,https://bidplus.gem.gov.in/showradocumentPdf/8774269,,
3,GEM/2025/B/6971435,https://bidplus.gem.gov.in/showbidDocument/8679818,Precast Concrete Reinforced Be...,200,Urban Development & Housing Department Bihar,30-12-2025 8:00 PM,31-12-2025 8:00 PM,0,0.08863857149416685,0,0,[],No,1,0.5913927980562348,,GEM/2025/R/598510,https://bidplus.gem.gov.in/showradocumentPdf/8774246,"{""title"": ""×\nPublish Representations"", ""content"": [], ""changes"": []}",
3,GEM/2025/B/7024688,https://bidplus.gem.gov.in/showbidDocument/8740234,"Wire for Multi Gym Repair,Chap...",11,"Ministry of Defence
Department of Military Affairs",30-12-2025 8:00 PM,31-12-2025 8:00 PM,0,0.08841779196775292,0,0,[],No,1,0.5423513951730128,,GEM/2025/R/598509,https://bidplus.gem.gov.in/showradocumentPdf/8774237,,
4,GEM/2025/B/6869238,https://bidplus.gem.gov.in/showbidDocument/8563583,,3,"Ministry of Defence
Department of Military Affairs",30-12-2025 8:00 PM,31-12-2025 8:00 PM,0,0.19876111587342105,0,0,[],No,1,0.53792238604803,,GEM/2025/R/598508,https://bidplus.gem.gov.in/showradocumentPdf/8774235,"{""title"": ""×\nPublish Representations"", ""content"": [], ""changes"": []}",
4,GEM/2025/B/6936557,https://bidplus.gem.gov.in/showbidDocument/8640288,"Foldable Touch Screen Laptop,S...",6,"Ministry of Defence
Department of Military Affairs",30-12-2025 8:00 PM,31-12-2025 8:00 PM,0,0.11964595777059508,0,0,[],No,1,0.5334680095975922,,GEM/2025/R/598499,https://bidplus.gem.gov.in/showradocumentPdf/8774200,,
4,GEM/2025/B/6858957,https://bidplus.gem.gov.in/showbidDocument/8551775,"Multicopter Frame,Motors BLDC,...",33,"Ministry of Defence
Department of Defence",30-12-2025 8:00 PM,01-01-2026 8:00 PM,0,0.11763267586344944,0,0,[],No,1,0.5441460608983719,,GEM/2025/R/598506,https://bidplus.gem.gov.in/showradocumentPdf/8774227,,
4,GEM/2025/B/6791049,https://bidplus.gem.gov.in/showbidDocument/8474238,"Multicopter Frame,Electronical...",70,"Ministry of Defence
Department of Defence",30-12-2025 8:00 PM,01-01-2026 8:00 PM,0,0.11380137141172841,0,0,[],No,1,0.5441460608983719,,GEM/2025/R/598505,https://bidplus.gem.gov.in/showradocumentPdf/8774223,,
4,GEM/2025/B/6577567,https://bidplus.gem.gov.in/showbidDocument/8230297,Platelet Agitator and Incubato...,2,Medical Education Department Uttar Pradesh,30-12-2025 8:00 PM,01-01-2026 8:00 PM,0,0.1473279669872886,0,0,[],No,1,0.7209067630957324,CelQuant 5 plus Reagents,GEM/2025/R/598534,https://bidplus.gem.gov.in/showradocumentPdf/8774347,,
4,GEM/2025/B/7016606,https://bidplus.gem.gov.in/showbidDocument/8731202,"Title1,Title2,Title3,Title4,Ti...",1189,"Ministry of Defence
Department of Military Affairs",30-12-2025 8:00 PM,31-12-2025 8:00 PM,1,0.8891657837001072,0,0,[],No,1,0.5413332161734106,,GEM/2025/R/598532,https://bidplus.gem.gov.in/showradocumentPdf/8774340,,
4,GEM/2025/B/6577595,https://bidplus.gem.gov.in/showbidDocument/8230333,Blood Bag Tube Sealer (Dielect...,1,Medical Education Department Uttar Pradesh,30-12-2025 8:00 PM,01-01-2026 8:00 PM,1,0.5565056344201463,0,0,[],No,1,0.7076658624474764,3 Part Hematology Reagents,GEM/2025/R/598530,https://bidplus.gem.gov.in/showradocumentPdf/8774327,,
4,GEM/2025/B/6635739,https://bidplus.gem.gov.in/showbidDocument/8297051,Household Refrigerating Applia...,102,Rural Development and Panchayat Raj Department Maharashtra,30-12-2025 8:00 PM,31-12-2025 8:00 PM,0,0.11764307951057826,0,0,[],No,1,0.5863439587697292,,GEM/2025/R/598529,https://bidplus.gem.gov.in/showradocumentPdf/8774326,,
4,GEM/2025/B/6897633,https://bidplus.gem.gov.in/showbidDocument/8595888,"12 mtr galvanized pole,LED lig...",14,"Ministry of Defence
Department of Military Affairs",30-12-2025 8:00 PM,31-12-2025 8:00 PM,0,0.08541832899174558,0,0,[],No,1,0.575058350180493,,GEM/2025/R/598527,https://bidplus.gem.gov.in/showradocumentPdf/8774321,,
4,GEM/2025/B/6908739,https://bidplus.gem.gov.in/showbidDocument/8608558,,20,"Ministry of Defence
Department of Military Affairs",30-12-2025 8:00 PM,31-12-2025 8:00 PM,0,0.19876111587342105,0,0,[],No,1,0.53792238604803,,GEM/2025/R/598526,https://bidplus.gem.gov.in/showradocumentPdf/8774316,,
5,GEM/2025/B/6918255,https://bidplus.gem.gov.in/showbidDocument/8619345,"Repair, Maintenance, and Insta...",1,Uttar Pradesh Jal Nigam,30-12-2025 8:00 PM,31-12-2025 8:00 PM,0,0.2646680301876971,0,0,[],No,1,0.5553011092488501,,GEM/2025/R/598525,https://bidplus.gem.gov.in/showradocumentPdf/8774315,,
5,GEM/2025/B/7009700,https://bidplus.gem.gov.in/showbidDocument/8723525,U PIN FOR TENT EXTENDABLE FRAM...,12902,"Ministry of Defence
Department of Military Affairs",30-12-2025 8:00 PM,31-12-2025 8:00 PM,0,0.2614230437193318,0,0,[],No,1,0.5529671234440944,,GEM/2025/R/598523,https://bidplus.gem.gov.in/showradocumentPdf/8774312,,
5,GEM/2025/B/6918369,https://bidplus.gem.gov.in/showbidDocument/8619465,"Repair, Maintenance, and Insta...",1,Uttar Pradesh Jal Nigam,30-12-2025 8:00 PM,31-12-2025 8:00 PM,0,0.2646680301876971,0,0,[],No,1,0.5553011092488501,,GEM/2025/R/598521,https://bidplus.gem.gov.in/showradocumentPdf/8774306,,
5,GEM/2025/B/6918472,https://bidplus.gem.gov.in/showbidDocument/8619574,"Repair, Maintenance, and Insta...",1,Uttar Pradesh Jal Nigam,30-12-2025 8:00 PM,31-12-2025 8:00 PM,0,0.2646680301876971,0,0,[],No,1,0.5553011092488501,,GEM/2025/R/598519,https://bidplus.gem.gov.in/showradocumentPdf/8774299,,
5,GEM/2025/B/7025192,https://bidplus.gem.gov.in/showbidDocument/8740807,,132,"Ministry of Defence
Department of Military Affairs",30-12-2025 8:00 PM,31-12-2025 8:00 PM,0,0.19876111587342105,0,0,[],No,1,0.53792238604803,,GEM/2025/R/598518,https://bidplus.gem.gov.in/showradocumentPdf/8774298,,
5,GEM/2025/B/7010727,https://bidplus.gem.gov.in/showbidDocument/8724680,,6,"Ministry of Defence
Department of Military Affairs",30-12-2025 8:00 PM,31-12-2025 8:00 PM,0,0.19876111587342105,0,0,[],No,1,0.53792238604803,,GEM/2025/R/598517,https://bidplus.gem.gov.in/showradocumentPdf/8774294,,
5,GEM/2025/B/7005980,https://bidplus.gem.gov.in/showbidDocument/8719380,LV7-MARUTI 10443113 36650M8301...,288,"Ministry of Defence
Department of Military Affairs",30-12-2025 8:00 PM,31-12-2025 8:00 PM,0,0.0920488416504023,1,33,"[{""phrase"": ""0"", ""category"": ""Overall"", ""match_type"": ""exact"", ""weight"": 3, ""matched_text"": ""0""}]",Yes,1,0.5821426231973211,,GEM/2025/R/598515,https://bidplus.gem.gov.in/showradocumentPdf/8774289,,
5,GEM/2025/B/6972957,https://bidplus.gem.gov.in/showbidDocument/8681686,Supply and fix refrigerator el...,310,"Ministry of Defence
Department of Military Affairs",30-12-2025 8:00 PM,31-12-2025 8:00 PM,0,0.06399129867907402,0,0,[],No,1,0.650486255143545,CelQuant 5 plus Reagents,GEM/2025/R/598514,https://bidplus.gem.gov.in/showradocumentPdf/8774287,,
5,GEM/2025/B/6947507,https://bidplus.gem.gov.in/showbidDocument/8652665,"MT ITEMS 1,MT ITEMS 2,MT ITEMS...",1123,"Ministry of Defence
Department of Military Affairs",30-12-2025 8:00 PM,31-12-2025 8:00 PM,0,0.10266888965161249,0,0,[],No,1,0.6037563768804953,,GEM/2025/R/598501,https://bidplus.gem.gov.in/list-ra-schedules/8774205,,
5,GEM/2025/B/6979921,https://bidplus.gem.gov.in/showbidDocument/8690220,"Day Drome Cameras,24V Adapter,...",309,"Ministry of Defence
Department of Military Affairs",30-12-2025 8:00 PM,31-12-2025 8:00 PM,0,0.15923183107790195,1,33,"[{""phrase"": ""ras"", ""category"": ""Endo"", ""match_type"": ""exact"", ""weight"": 3, ""matched_text"": ""ras""}]",Yes,1,0.5786520097753587,Endo,GEM/2025/R/598516,https://bidplus.gem.gov.in/showradocumentPdf/8774291,"{""title"": ""×\nPublish Representations"", ""content"": [], ""changes"": []}",
6,GEM/2025/B/6629761,https://bidplus.gem.gov.in/showbidDocument/8289999,,2,Basic Education Department Uttar Pradesh,30-12-2025 8:00 PM,31-12-2025 8:00 PM,0,0.19876111587342105,0,0,[],No,1,0.53792238604803,,GEM/2025/R/598528,https://bidplus.gem.gov.in/showradocumentPdf/8774322,,
6,GEM/2025/B/6643436,https://bidplus.gem.gov.in/showbidDocument/8305737,,102,Rural Development and Panchayat Raj Department Maharashtra,30-12-2025 8:00 PM,31-12-2025 8:00 PM,0,0.19876111587342105,0,0,[],No,1,0.53792238604803,,GEM/2025/R/598533,https://bidplus.gem.gov.in/showradocumentPdf/8774346,,
6,GEM/2025/B/6642922,https://bidplus.gem.gov.in/showbidDocument/8305142,"Dental Explorers - RBSK,Dental...",306,Rural Development and Panchayat Raj Department Maharashtra,30-12-2025 8:00 PM,31-12-2025 8:00 PM,0,0.42255370809964615,0,0,[],No,1,0.5754161599129324,,GEM/2025/R/598524,https://bidplus.gem.gov.in/list-ra-schedules/8774314,,
6,GEM/2025/B/6642980,https://bidplus.gem.gov.in/showbidDocument/8305210,,102,Rural Development and Panchayat Raj Department Maharashtra,30-12-2025 8:00 PM,31-12-2025 8:00 PM,0,0.19876111587342105,0,0,[],No,1,0.53792238604803,,GEM/2025/R/598522,https://bidplus.gem.gov.in/showradocumentPdf/8774308,,
6,GEM/2025/B/6642837,https://bidplus.gem.gov.in/showbidDocument/8305038,,204,Rural Development and Panchayat Raj Department Maharashtra,30-12-2025 8:00 PM,31-12-2025 8:00 PM,0,0.19876111587342105,0,0,[],No,1,0.53792238604803,,GEM/2025/R/598520,https://bidplus.gem.gov.in/showradocumentPdf/8774300,,
6,GEM/2025/B/6642355,https://bidplus.gem.gov.in/showbidDocument/8304494,Bio - Medical Waste Collection...,4726,Rural Development and Panchayat Raj Department Maharashtra,30-12-2025 8:00 PM,31-12-2025 8:00 PM,0,0.24099541999123036,0,0,[],No,1,0.6262092225181618,,GEM/2025/R/598507,https://bidplus.gem.gov.in/list-ra-schedules/8774229,,
6,GEM/2025/B/6641902,https://bidplus.gem.gov.in/showbidDocument/8303992,,17,Rural Development and Panchayat Raj Department Maharashtra,30-12-2025 8:00 PM,31-12-2025 8:00 PM,0,0.19876111587342105,0,0,[],No,1,0.53792238604803,,GEM/2025/R/598504,https://bidplus.gem.gov.in/showradocumentPdf/8774217,,
6,GEM/2025/B/6642910,https://bidplus.gem.gov.in/showbidDocument/8305127,,102,Rural Development and Panchayat Raj Department Maharashtra,30-12-2025 8:00 PM,31-12-2025 8:00 PM,0,0.19876111587342105,0,0,[],No,1,0.53792238604803,,GEM/2025/R/598498,https://bidplus.gem.gov.in/showradocumentPdf/8774196,,
6,GEM/2025/B/6643404,https://bidplus.gem.gov.in/showbidDocument/8305704,,102,Rural Development and Panchayat Raj Department Maharashtra,30-12-2025 8:00 PM,31-12-2025 8:00 PM,0,0.19876111587342105,0,0,[],No,1,0.53792238604803,,GEM/2025/R/598531,https://bidplus.gem.gov.in/showradocumentPdf/8774337,,
6,GEM/2025/B/6647201,https://bidplus.gem.gov.in/showbidDocument/8309951,resuscitation crash cart conso...,102,Rural Development and Panchayat Raj Department Maharashtra,30-12-2025 8:00 PM,31-12-2025 8:00 PM,0,0.1721279215757724,1,33,"[{""phrase"": ""ras"", ""category"": ""Endo"", ""match_type"": ""exact"", ""weight"": 3, ""matched_text"": ""ras""}]",Yes,1,0.5859745681525077,Endo,GEM/2025/R/598535,https://bidplus.gem.gov.in/showradocumentPdf/8774360,,
7,GEM/2025/B/6960205,https://bidplus.gem.gov.in/showbidDocument/8667234,INK BOTTLE SET (BTD60 (Black) ...,10,"Ministry of Defence
Department of Military Affairs",30-12-2025 7:00 PM,31-12-2025 7:00 PM,0,0.26030407434454883,1,33,"[{""phrase"": ""0"", ""category"": ""Overall"", ""match_type"": ""exact"", ""weight"": 3, ""matched_text"": ""0""}]",Yes,1,0.6054250837842026,,GEM/2025/R/598460,https://bidplus.gem.gov.in/showradocumentPdf/8773976,,
7,GEM/2025/B/6922600,https://bidplus.gem.gov.in/showbidDocument/8624247,,123737,"Ministry of Defence
Department of Military Affairs",30-12-2025 7:00 PM,31-12-2025 7:00 PM,0,0.19876111587342105,0,0,[],No,1,0.53792238604803,,GEM/2025/R/598459,https://bidplus.gem.gov.in/showradocumentPdf/8773975,,
7,GEM/2025/B/6913778,https://bidplus.gem.gov.in/showbidDocument/8614118,Custom Bid for Services - SERV...,1,"Ministry of Defence
Department of Military Affairs",30-12-2025 7:00 PM,31-12-2025 7:00 PM,0,0.03552420184752505,0,0,[],No,1,0.5791513799928998,,GEM/2025/R/598457,https://bidplus.gem.gov.in/showradocumentPdf/8773970,,
7,GEM/2025/B/6922559,https://bidplus.gem.gov.in/showbidDocument/8624203,,2009,"Ministry of Defence
Department of Military Affairs",30-12-2025 7:00 PM,31-12-2025 7:00 PM,0,0.19876111587342105,0,0,[],No,1,0.53792238604803,,GEM/2025/R/598452,https://bidplus.gem.gov.in/showradocumentPdf/8773940,,
7,GEM/2025/B/6871462,https://bidplus.gem.gov.in/showbidDocument/8566188,cutting and cupping die for br...,48,"Ministry of Defence
Department of Defence Production",30-12-2025 7:00 PM,31-12-2025 7:00 PM,0,0.1409465659757191,0,0,[],No,1,0.6592960857149844,CelQuant 5 plus Reagents,GEM/2025/R/598451,https://bidplus.gem.gov.in/showradocumentPdf/8773929,,
7,GEM/2025/B/6892164,https://bidplus.gem.gov.in/showbidDocument/8589676,INTEGRATED SECURITY SURVEILLAN...,1,"Ministry of Defence
Department of Military Affairs",30-12-2025 7:00 PM,31-12-2025 7:00 PM,0,0.13186844791476746,0,0,[],No,1,0.5573454926924796,,GEM/2025/R/598470,https://bidplus.gem.gov.in/showradocumentPdf/8774065,,
7,GEM/2025/B/7013767,https://bidplus.gem.gov.in/showbidDocument/8728036,Supply of Clamp Cantilever Jaw...,8,"Ministry of Defence
Department of Military Affairs",30-12-2025 7:00 PM,01-01-2026 9:00 AM,0,0.07638996784200953,0,0,[],No,1,0.5470397245122305,,GEM/2025/R/598469,https://bidplus.gem.gov.in/showradocumentPdf/8774051,,
7,GEM/2025/B/6871261,https://bidplus.gem.gov.in/showbidDocument/8565907,COMPL ONE SET OF DIAPHRAGM WI/...,30,"Ministry of Steel
Steel Authority of India Limited",30-12-2025 7:00 PM,31-12-2025 7:00 PM,1,0.5036713714361409,0,0,[],No,1,0.5793911271538684,,GEM/2025/R/598467,https://bidplus.gem.gov.in/showradocumentPdf/8774035,"{""title"": ""×\nPublish Representations"", ""content"": [], ""changes"": []}",
7,GEM/2025/B/6647058,https://bidplus.gem.gov.in/showbidDocument/8309783,SUPPLY OF SINTERED MAGNESIA CR...,1,"Ministry of Steel
Steel Authority of India Limited",30-12-2025 7:00 PM,31-12-2025 7:00 PM,0,0.07017341924232075,0,0,[],No,1,0.6263368246529227,,GEM/2025/R/598465,https://bidplus.gem.gov.in/showradocumentPdf/8774006,,
7,GEM/2025/B/6957330,https://bidplus.gem.gov.in/showbidDocument/8664049,USB PORT METALIC LOCKER WITH K...,80,"Ministry of Defence
Department of Military Affairs",30-12-2025 7:00 PM,31-12-2025 7:00 PM,0,0.16029534743550375,0,0,[],No,1,0.6247216221316082,Fluid Stable Reagents,GEM/2025/R/598464,https://bidplus.gem.gov.in/showradocumentPdf/8774000,,
8,GEM/2025/B/6960075,https://bidplus.gem.gov.in/showbidDocument/8667095,"Voting Compartment,Voting Comp...",52974,Industries and Mines Department Gujarat,30-12-2025 7:00 PM,31-12-2025 7:00 PM,1,0.5164725487119356,0,0,[],No,1,0.5375525199269076,,GEM/2025/R/598463,https://bidplus.gem.gov.in/showradocumentPdf/8773993,,
8,GEM/2025/B/6957144,https://bidplus.gem.gov.in/showbidDocument/8663845,"EPSON INK 057 (C, M, Y, BK, LC...",2,"Ministry of Defence
Department of Military Affairs",30-12-2025 7:00 PM,31-12-2025 7:00 PM,0,0.20319736889423734,1,33,"[{""phrase"": ""0"", ""category"": ""Overall"", ""match_type"": ""exact"", ""weight"": 3, ""matched_text"": ""0""}]",Yes,1,0.5736474953704199,,GEM/2025/R/598462,https://bidplus.gem.gov.in/showradocumentPdf/8773987,,
8,GEM/2025/B/6890774,https://bidplus.gem.gov.in/showbidDocument/8588130,,300,"Ministry of Steel
Steel Authority of India Limited",30-12-2025 7:00 PM,31-12-2025 7:00 PM,0,0.19876111587342105,0,0,[],No,1,0.53792238604803,,GEM/2025/R/598483,https://bidplus.gem.gov.in/showradocumentPdf/8774123,,
8,GEM/2025/B/7012912,https://bidplus.gem.gov.in/showbidDocument/8727085,Supply of Ground Mat surface c...,104,"Ministry of Defence
Department of Military Affairs",30-12-2025 7:00 PM,01-01-2026 9:00 AM,0,0.0844033159104864,1,33,"[{""phrase"": ""RF"", ""category"": ""Overall"", ""match_type"": ""exact"", ""weight"": 3, ""matched_text"": ""RF""}]",Yes,1,0.5867498973199414,Nephelometry,GEM/2025/R/598482,https://bidplus.gem.gov.in/showradocumentPdf/8774120,,
8,GEM/2025/B/6708636,https://bidplus.gem.gov.in/showbidDocument/8379664,Short Term Cab & Taxi Hiring S...,628,"Ministry of Defence
Department of Military Affairs",30-12-2025 7:00 PM,31-12-2025 7:00 PM,0,0.047829858409684164,0,0,[],No,1,0.5649647400854652,,GEM/2025/R/598481,https://bidplus.gem.gov.in/showradocumentPdf/8774112,,
8,GEM/2025/B/7012833,https://bidplus.gem.gov.in/showbidDocument/8727000,Supply of Superior Quality cri...,7,"Ministry of Defence
Department of Military Affairs",30-12-2025 7:00 PM,01-01-2026 9:00 AM,0,0.09759203959186602,0,0,[],No,1,0.5796173302308006,,GEM/2025/R/598480,https://bidplus.gem.gov.in/showradocumentPdf/8774111,,
8,GEM/2025/B/7012759,https://bidplus.gem.gov.in/showbidDocument/8726913,Supply of Rear clamp Assy Brac...,8,"Ministry of Defence
Department of Military Affairs",30-12-2025 7:00 PM,01-01-2026 9:00 AM,0,0.034155679268788666,0,0,[],No,1,0.5627518838790777,,GEM/2025/R/598479,https://bidplus.gem.gov.in/showradocumentPdf/8774102,,
8,GEM/2025/B/7012644,https://bidplus.gem.gov.in/showbidDocument/8726779,Supply of Side Clamp Assembly ...,12,"Ministry of Defence
Department of Military Affairs",30-12-2025 7:00 PM,01-01-2026 9:00 AM,0,0.049021834257841644,0,0,[],No,1,0.5610112231323033,,GEM/2025/R/598478,https://bidplus.gem.gov.in/showradocumentPdf/8774088,,
8,GEM/2025/B/7013415,https://bidplus.gem.gov.in/showbidDocument/8727654,Supply of Fabricated 20 mm dia...,119,"Ministry of Defence
Department of Military Affairs",30-12-2025 7:00 PM,01-01-2026 9:00 AM,0,0.17145890474677608,1,33,"[{""phrase"": ""0"", ""category"": ""Overall"", ""match_type"": ""exact"", ""weight"": 3, ""matched_text"": ""0""}]",Yes,1,0.6018248836304689,,GEM/2025/R/598475,https://bidplus.gem.gov.in/showradocumentPdf/8774079,,
8,GEM/2025/B/7005195,https://bidplus.gem.gov.in/showbidDocument/8718466,Electronics & Telecom Equipmen...,2,"Ministry of Defence
Department of Military Affairs",30-12-2025 7:00 PM,31-12-2025 7:00 PM,0,0.18808873040279103,0,0,[],No,1,0.560404606018091,,GEM/2025/R/598474,https://bidplus.gem.gov.in/showradocumentPdf/8774074,,
9,GEM/2025/B/7010392,https://bidplus.gem.gov.in/showbidDocument/8724321,Procurement of 15 x Practice/T...,1,"Ministry of Defence
Department of Military Affairs",30-12-2025 7:00 PM,31-12-2025 7:00 PM,0,0.098747978199793,0,0,[],No,1,0.567585375673169,,GEM/2025/R/598473,https://bidplus.gem.gov.in/showradocumentPdf/8774073,,
9,GEM/2025/B/7013530,https://bidplus.gem.gov.in/showbidDocument/8727778,Supply of Fabricated spool for...,10,"Ministry of Defence
Department of Military Affairs",30-12-2025 7:00 PM,01-01-2026 9:00 AM,0,0.10093749419737201,0,0,[],No,1,0.5671157493408782,,GEM/2025/R/598472,https://bidplus.gem.gov.in/showradocumentPdf/8774072,,
9,GEM/2025/B/7013625,https://bidplus.gem.gov.in/showbidDocument/8727884,Supply of Clamp cantilever Jaw...,17,"Ministry of Defence
Department of Military Affairs",30-12-2025 7:00 PM,01-01-2026 9:00 AM,0,0.07638996784200953,0,0,[],No,1,0.5470397245122305,,GEM/2025/R/598471,https://bidplus.gem.gov.in/showradocumentPdf/8774067,,
9,GEM/2025/B/6542742,https://bidplus.gem.gov.in/showbidDocument/8190944,SHAFT UNI 4850 DC 1&2 TOP PINC...,6,"Ministry of Steel
NMDC STEEL Limited",30-12-2025 7:00 PM,01-01-2026 2:00 PM,0,0.22679719542081606,1,33,"[{""phrase"": ""0"", ""category"": ""Overall"", ""match_type"": ""exact"", ""weight"": 3, ""matched_text"": ""0""}]",Yes,1,0.5586880365865983,,GEM/2025/R/598497,https://bidplus.gem.gov.in/list-ra-schedules/8774186,,
9,GEM/2025/B/7025593,https://bidplus.gem.gov.in/showbidDocument/8741271,,2,"Ministry of Defence
Department of Military Affairs",30-12-2025 7:00 PM,31-12-2025 7:00 PM,0,0.19876111587342105,0,0,[],No,1,0.53792238604803,,GEM/2025/R/598495,https://bidplus.gem.gov.in/showradocumentPdf/8774176,,
9,GEM/2025/B/6637846,https://bidplus.gem.gov.in/showbidDocument/8299397,Stadiometer under POSHAN Abhiy...,64,Rural Development and Panchayat Raj Department Maharashtra,30-12-2025 7:00 PM,31-12-2025 7:00 PM,1,0.58166696190285,0,0,[],No,1,0.5742542171185895,,GEM/2025/R/598494,https://bidplus.gem.gov.in/showradocumentPdf/8774174,,
9,GEM/2025/B/6869234,https://bidplus.gem.gov.in/showbidDocument/8563578,,42,"Ministry of Defence
Department of Military Affairs",30-12-2025 7:00 PM,31-12-2025 7:00 PM,0,0.19876111587342105,0,0,[],No,1,0.53792238604803,,GEM/2025/R/598493,https://bidplus.gem.gov.in/showradocumentPdf/8774171,,
9,GEM/2025/B/6951273,https://bidplus.gem.gov.in/showbidDocument/8657180,"Laser Pointer Red and Green,Fo...",42,"Ministry of Defence
Department of Military Affairs",30-12-2025 7:00 PM,31-12-2025 7:00 PM,0,0.3135533165243965,0,0,[],No,1,0.6094924156860199,CelQuant 5 plus Reagents,GEM/2025/R/598490,https://bidplus.gem.gov.in/showradocumentPdf/8774166,,
9,GEM/2025/B/7011108,https://bidplus.gem.gov.in/showbidDocument/8725097,Supply of Superior quality gro...,44,"Ministry of Defence
Department of Military Affairs",30-12-2025 7:00 PM,01-01-2026 9:00 AM,0,0.08362302436933071,0,0,[],No,1,0.5505628430731907,,GEM/2025/R/598489,https://bidplus.gem.gov.in/showradocumentPdf/8774149,,
9,GEM/2025/B/6880360,https://bidplus.gem.gov.in/showbidDocument/8576348,SEAMLESS SKID PIPES FOR DISCHA...,400,"Ministry of Steel
Steel Authority of India Limited",30-12-2025 7:00 PM,31-12-2025 7:00 PM,0,0.14672665956535755,0,0,[],No,1,0.5749045691004182,,GEM/2025/R/598487,https://bidplus.gem.gov.in/showradocumentPdf/8774137,,
10,GEM/2025/B/6933579,https://bidplus.gem.gov.in/showbidDocument/8636860,Battery Secondary Lead Acid MT...,133,"Ministry of Defence
Department of Military Affairs",30-12-2025 7:00 PM,31-12-2025 7:00 PM,0,0.10238467907271614,0,0,[],No,1,0.6934656997606936,AQ 100 / 200 System Packs,GEM/2025/R/598486,https://bidplus.gem.gov.in/showradocumentPdf/8774131,,
10,GEM/2025/B/7010952,https://bidplus.gem.gov.in/showbidDocument/8724928,Supply of Superior Quality Veh...,9,"Ministry of Defence
Department of Military Affairs",30-12-2025 7:00 PM,01-01-2026 9:00 AM,0,0.08808564086203742,0,0,[],No,1,0.538805236979414,,GEM/2025/R/598485,https://bidplus.gem.gov.in/showradocumentPdf/8774129,,
10,GEM/2025/B/6953737,https://bidplus.gem.gov.in/showbidDocument/8660025,X ray baggage inspection syste...,1,"Ministry of Defence
Department of Military Affairs",30-12-2025 7:00 PM,31-12-2025 7:00 PM,0,0.09110975187483301,0,0,[],No,1,0.5750126070148887,,GEM/2025/R/598484,https://bidplus.gem.gov.in/showradocumentPdf/8774126,"{""title"": ""×\nPublish Representations"", ""content"": [], ""changes"": []}",
10,GEM/2025/B/6916536,https://bidplus.gem.gov.in/showbidDocument/8617380,"Almirah,Almirah,Almirah,Bed,Ba...",1178,"Ministry of Defence
Department of Military Affairs",30-12-2025 7:00 PM,31-12-2025 7:00 PM,0,0.13444310619310937,0,0,[],No,1,0.5614846809970387,,GEM/2025/R/598453,https://bidplus.gem.gov.in/showradocumentPdf/8773942,,
10,GEM/2025/B/6919409,https://bidplus.gem.gov.in/showbidDocument/8620557,,28,"Ministry of Defence
Department of Military Affairs",30-12-2025 7:00 PM,31-12-2025 7:00 PM,0,0.19876111587342105,0,0,[],No,1,0.53792238604803,,GEM/2025/R/598454,https://bidplus.gem.gov.in/showradocumentPdf/8773948,,
10,GEM/2025/B/6626595,https://bidplus.gem.gov.in/showbidDocument/8286405,Repair and Overhauling Service...,1,"Ministry of Defence
Department of Military Affairs",30-12-2025 7:00 PM,31-12-2025 7:00 PM,0,0.012853644550654447,0,0,[],No,1,0.6367513456219948,CelQuant 5 plus Reagents,GEM/2025/R/598458,https://bidplus.gem.gov.in/showradocumentPdf/8773972,,
10,GEM/2025/B/6940975,https://bidplus.gem.gov.in/showbidDocument/8645281,,5,Law Department Odisha,30-12-2025 7:00 PM,31-12-2025 7:00 PM,0,0.19876111587342105,0,0,[],No,1,0.53792238604803,,GEM/2025/R/598456,https://bidplus.gem.gov.in/showradocumentPdf/8773962,,
10,GEM/2025/B/6945997,https://bidplus.gem.gov.in/showbidDocument/8650945,DEVELOPMENT OF FIRST PERSON VI...,2,"Ministry of Defence
Department of Military Affairs",30-12-2025 7:00 PM,31-12-2025 7:00 PM,0,0.15406681676157177,0,0,[],No,1,0.5196132366159129,,GEM/2025/R/598488,https://bidplus.gem.gov.in/showradocumentPdf/8774140,,
10,GEM/2025/B/7010299,https://bidplus.gem.gov.in/showbidDocument/8724218,"Peas Green,Beans,Brinjal,Cabba...",14665,"Ministry of Defence
Department of Military Affairs",30-12-2025 7:00 PM,31-12-2025 7:00 PM,0,0.2087863803112237,0,0,[],No,1,0.5419827177857285,,GEM/2025/R/598476,https://bidplus.gem.gov.in/showradocumentPdf/8774080,,
10,GEM/2025/B/6963522,https://bidplus.gem.gov.in/showbidDocument/8670978,,300,Home Department Uttar Pradesh,30-12-2025 7:00 PM,31-12-2025 7:00 PM,0,0.19876111587342105,0,0,[],No,1,0.53792238604803,,GEM/2025/R/598491,https://bidplus.gem.gov.in/showradocumentPdf/8774168,"{""title"": ""×\nPublish Representations"", ""content"": [], ""changes"": []}",
11,GEM/2025/B/6964323,https://bidplus.gem.gov.in/showbidDocument/8671879,Household Refrigerating Applia...,1,"Ministry of Home Affairs
Central Armed Police Forces",30-12-2025 7:00 PM,31-12-2025 7:00 PM,0,0.11764307951057826,0,0,[],No,1,0.5863439587697292,,GEM/2025/R/598477,https://bidplus.gem.gov.in/showradocumentPdf/8774083,,
11,GEM/2025/B/6979289,https://bidplus.gem.gov.in/showbidDocument/8689503,"Gypsum Screw 19mm,Tina Screw 2...",3471,"Ministry of Defence
Department of Military Affairs",30-12-2025 7:00 PM,31-12-2025 7:00 PM,0,0.11429168038704293,0,0,[],No,1,0.5768385665970388,,GEM/2025/R/598466,https://bidplus.gem.gov.in/showradocumentPdf/8774011,,
11,GEM/2025/B/6963241,https://bidplus.gem.gov.in/showbidDocument/8670653,Heavy Duty Insect Trap and Kil...,1,"Ministry of Defence
Department of Military Affairs",30-12-2025 7:00 PM,31-12-2025 7:00 PM,0,0.09411937386915954,0,0,[],No,1,0.6566474024103941,CelQuant 5 plus Reagents,GEM/2025/R/598468,https://bidplus.gem.gov.in/showradocumentPdf/8774049,,
11,GEM/2025/B/6998808,https://bidplus.gem.gov.in/showbidDocument/8711128,,2700,"Ministry of Defence
Department of Military Affairs",30-12-2025 7:00 PM,31-12-2025 7:00 PM,0,0.19876111587342105,0,0,[],No,1,0.53792238604803,,GEM/2025/R/598455,https://bidplus.gem.gov.in/showradocumentPdf/8773954,,
11,GEM/2025/B/6637180,https://bidplus.gem.gov.in/showbidDocument/8298665,,20,Rural Development and Panchayat Raj Department Maharashtra,30-12-2025 7:00 PM,31-12-2025 7:00 PM,0,0.19876111587342105,0,0,[],No,1,0.53792238604803,,GEM/2025/R/598496,https://bidplus.gem.gov.in/showradocumentPdf/8774180,,
11,GEM/2025/B/6643451,https://bidplus.gem.gov.in/showbidDocument/8305753,"Medicine Trolley,Dressing Trol...",110,Rural Development and Panchayat Raj Department Maharashtra,30-12-2025 7:00 PM,31-12-2025 7:00 PM,1,0.5253047240735484,0,0,[],No,1,0.5610001108786614,,GEM/2025/R/598492,https://bidplus.gem.gov.in/showradocumentPdf/8774170,,
11,GEM/2025/B/6929766,https://bidplus.gem.gov.in/showbidDocument/8632626,Amoxycillin 500 mg plus Clavul...,115697,"Ministry of Defence
Department of Military Affairs",30-12-2025 7:00 PM,31-12-2025 7:00 PM,1,0.5166959172754122,1,33,"[{""phrase"": ""0"", ""category"": ""Overall"", ""match_type"": ""exact"", ""weight"": 3, ""matched_text"": ""0""}]",Yes,1,0.6403139342874987,HIV Quadro,GEM/2025/R/598461,https://bidplus.gem.gov.in/showradocumentPdf/8773978,,
11,GEM/2025/B/6712402,https://bidplus.gem.gov.in/showbidDocument/8384075,"HEAT SHRINKABLE SLEEVE,RFID Ta...",5140,"Ministry of Defence
Department of Military Affairs",30-12-2025 6:00 PM,31-12-2025 6:00 PM,0,0.12470372931268875,1,33,"[{""phrase"": ""RF"", ""category"": ""Overall"", ""match_type"": ""exact"", ""weight"": 3, ""matched_text"": ""RF""}]",Yes,1,0.5544544190842974,,GEM/2025/R/598448,https://bidplus.gem.gov.in/list-ra-schedules/8773908,"{""title"": ""×\nPublish Representations"", ""content"": [], ""changes"": []}",
11,GEM/2025/B/6970702,https://bidplus.gem.gov.in/showbidDocument/8679010,Repair and Overhauling Service...,1,"Ministry of Defence
Department of Defence",30-12-2025 6:00 PM,31-12-2025 6:00 PM,0,0.012853644550654447,0,0,[],No,1,0.6367513456219948,CelQuant 5 plus Reagents,GEM/2025/R/598450,https://bidplus.gem.gov.in/showradocumentPdf/8773913,,
11,GEM/2025/B/7019388,https://bidplus.gem.gov.in/showbidDocument/8734289,Removing of Clamp cantilever j...,5,"Ministry of Defence
Department of Military Affairs",30-12-2025 6:00 PM,01-01-2026 9:00 AM,0,0.24370860444292466,0,0,[],No,1,0.5527804406570435,,GEM/2025/R/598447,https://bidplus.gem.gov.in/showradocumentPdf/8773895,,
12,GEM/2025/B/6977495,https://bidplus.gem.gov.in/showbidDocument/8687399,Repair and Overhauling Service...,1,"Ministry of Defence
Department of Defence",30-12-2025 6:00 PM,31-12-2025 6:00 PM,0,0.012853644550654447,0,0,[],No,1,0.6367513456219948,CelQuant 5 plus Reagents,GEM/2025/R/598445,https://bidplus.gem.gov.in/showradocumentPdf/8773873,,
12,GEM/2025/B/6891677,https://bidplus.gem.gov.in/showbidDocument/8589129,,12,Panchayats and Rural Housing Department Gujarat,30-12-2025 6:00 PM,31-12-2025 6:00 PM,0,0.19876111587342105,0,0,[],No,1,0.53792238604803,,GEM/2025/R/598443,https://bidplus.gem.gov.in/showradocumentPdf/8773867,,
12,GEM/2025/B/6754124,https://bidplus.gem.gov.in/showbidDocument/8431958,25BQBL023 Oakum White Hemp Loo...,2649,"Ministry of Defence
Department of Military Affairs",30-12-2025 6:00 PM,31-12-2025 6:00 PM,0,0.10261967003270824,1,33,"[{""phrase"": ""0"", ""category"": ""Overall"", ""match_type"": ""exact"", ""weight"": 3, ""matched_text"": ""0""}]",Yes,1,0.634362258472949,,GEM/2025/R/598442,https://bidplus.gem.gov.in/showradocumentPdf/8773858,,
12,GEM/2025/B/7019233,https://bidplus.gem.gov.in/showbidDocument/8734116,Removing of Frame spreading be...,5,"Ministry of Defence
Department of Military Affairs",30-12-2025 6:00 PM,01-01-2026 9:00 AM,0,0.1354371099640936,0,0,[],No,1,0.5568034331954016,,GEM/2025/R/598441,https://bidplus.gem.gov.in/showradocumentPdf/8773855,,
12,GEM/2025/B/6891907,https://bidplus.gem.gov.in/showbidDocument/8589397,,14,Panchayats and Rural Housing Department Gujarat,30-12-2025 6:00 PM,31-12-2025 6:00 PM,0,0.19876111587342105,0,0,[],No,1,0.53792238604803,,GEM/2025/R/598439,https://bidplus.gem.gov.in/showradocumentPdf/8773847,,
12,GEM/2025/B/6901259,https://bidplus.gem.gov.in/showbidDocument/8600171,Customized AMC/CMC for Pre-own...,1,Home Prohibition and Excise Department Tamil Nadu,30-12-2025 6:00 PM,02-01-2026 4:00 PM,0,0.028849740212258192,0,0,[],No,1,0.5724064359404224,,GEM/2025/R/598437,https://bidplus.gem.gov.in/showradocumentPdf/8773843,,
12,GEM/2025/B/6775513,https://bidplus.gem.gov.in/showbidDocument/8456370,Custom Bid for Services - BIEN...,1,"Ministry of Defence
Department of Defence Production",30-12-2025 6:00 PM,31-12-2025 6:00 PM,0,0.05022429799071467,0,0,[],No,1,0.5814832660095107,,GEM/2025/R/598436,https://bidplus.gem.gov.in/showradocumentPdf/8773842,,
12,GEM/2025/B/6887702,https://bidplus.gem.gov.in/showbidDocument/8584648,Design Installation and Mainte...,2,Higher Education Department Uttar Pradesh,30-12-2025 6:00 PM,31-12-2025 6:00 PM,0,0.07382107048496239,0,0,[],No,1,0.6377565420381752,CelQuant 5 plus Reagents,GEM/2025/R/598434,https://bidplus.gem.gov.in/showradocumentPdf/8773836,"{""title"": ""×\nPublish Representations"", ""content"": [], ""changes"": []}",
12,GEM/2025/B/6833725,https://bidplus.gem.gov.in/showbidDocument/8522793,,1,"Ministry of Defence
Department of Military Affairs",30-12-2025 6:00 PM,31-12-2025 6:00 PM,0,0.19876111587342105,0,0,[],No,1,0.53792238604803,,GEM/2025/R/598416,https://bidplus.gem.gov.in/showradocumentPdf/8773740,,
12,GEM/2025/B/7018753,https://bidplus.gem.gov.in/showbidDocument/8733598,Removing of Spool stand Plate ...,5,"Ministry of Defence
Department of Military Affairs",30-12-2025 6:00 PM,01-01-2026 9:00 AM,0,0.2319558145044728,0,0,[],No,1,0.5423251204639054,,GEM/2025/R/598415,https://bidplus.gem.gov.in/showradocumentPdf/8773738,,
13,GEM/2025/B/6935416,https://bidplus.gem.gov.in/showbidDocument/8638962,"Card Sheets Big A3 Size,Mini S...",45600,Women and Child Development Department Gujarat,30-12-2025 6:00 PM,31-12-2025 6:00 PM,0,0.189300984705728,0,0,[],No,1,0.6523786473648723,AQ 100 / 200 System Packs,GEM/2025/R/598385,https://bidplus.gem.gov.in/showradocumentPdf/8773546,,
13,GEM/2025/B/6676826,https://bidplus.gem.gov.in/showbidDocument/8343624,Drop Arm Barrier (Boom Barrier...,8,"Ministry of Defence
Department of Defence Research & Development",30-12-2025 6:00 PM,31-12-2025 6:00 PM,0,0.28973822850197983,0,0,[],No,1,0.5503054707964984,,GEM/2025/R/598384,https://bidplus.gem.gov.in/showradocumentPdf/8773539,"{""title"": ""×\nPublish Representations"", ""content"": [], ""changes"": []}",
13,GEM/2025/B/6862592,https://bidplus.gem.gov.in/showbidDocument/8556003,,2,Health & Family Welfare Department Gujarat,30-12-2025 6:00 PM,31-12-2025 6:00 PM,0,0.19876111587342105,0,0,[],No,1,0.53792238604803,,GEM/2025/R/598403,https://bidplus.gem.gov.in/showradocumentPdf/8773603,"{""title"": ""×\nPublish Representations"", ""content"": [], ""changes"": []}",
13,GEM/2025/B/6966080,https://bidplus.gem.gov.in/showbidDocument/8673861,,170,Panchayats and Rural Housing Department Gujarat,30-12-2025 6:00 PM,31-12-2025 6:00 PM,0,0.19876111587342105,0,0,[],No,1,0.53792238604803,,GEM/2025/R/598410,https://bidplus.gem.gov.in/showradocumentPdf/8773636,,
13,GEM/2025/B/6966637,https://bidplus.gem.gov.in/showbidDocument/8674484,Drinking Water ATM / Water Ven...,2,Panchayats and Rural Housing Department Gujarat,30-12-2025 6:00 PM,31-12-2025 6:00 PM,0,0.049339914331306745,0,0,[],No,1,0.5591958310773149,,GEM/2025/R/598400,https://bidplus.gem.gov.in/showradocumentPdf/8773593,,
13,GEM/2025/B/6362283,https://bidplus.gem.gov.in/showbidDocument/7986780,,47,Medical Education Department Uttar Pradesh,30-12-2025 6:00 PM,31-12-2025 6:00 PM,0,0.19876111587342105,0,0,[],No,1,0.53792238604803,,GEM/2025/R/598393,https://bidplus.gem.gov.in/showradocumentPdf/8773573,,
13,GEM/2025/B/7019089,https://bidplus.gem.gov.in/showbidDocument/8733961,Removing of Turntable launcher...,5,"Ministry of Defence
Department of Military Affairs",30-12-2025 6:00 PM,01-01-2026 9:00 AM,1,0.5322100755182386,0,0,[],No,1,0.5373720945113764,,GEM/2025/R/598432,https://bidplus.gem.gov.in/showradocumentPdf/8773828,,
13,GEM/2025/B/7010594,https://bidplus.gem.gov.in/showbidDocument/8724542,15 Two way loudspeaker system ...,8,"Ministry of Defence
Department of Military Affairs",30-12-2025 6:00 PM,31-12-2025 6:00 PM,0,0.20656067958906024,4,71,"[{""phrase"": ""The trocar is made from medical-grade polycarbonate plastic. It uses a multi-seal system and features a recessed valve and a bladeless tip design  Ensures fixation & Avoids leakage. The trocar cannula is threaded. The housing type is low profile. Two 10mm*100mm Sleeve/Cannula & One 10mm Obturator. It has a stability sleeve and can be used as a camera port."", ""category"": ""Overall"", ""match_type"": ""subphrase"", ""weight"": 2.5, ""matched_text"": ""system, two""}, {""phrase"": ""The trocar is made from medical-grade polycarbonate plastic. It uses a multi-seal system and features a recessed valve and a bladeless tip design  Ensures fixation & Avoids leakage. The trocar cannula is threaded. The housing type is low profile. Two 12mm*100mm Sleeve/Cannula & One 12mm Obturator. It has a stability sleeve and can be used as a camera port."", ""category"": ""Overall"", ""match_type"": ""subphrase"", ""weight"": 2.5, ""matched_text"": ""system, two""}, {""phrase"": ""The trocar is made from medical-grade polycarbonate plastic. It uses a multi-seal system and features a recessed valve and a bladeless tip design  Ensures fixation & Avoids leakage. The trocar cannula is threaded. The housing type is low profile. Two 5mm*100mm Sleeve/Cannula & One 5mm Obturator. It has a stability sleeve and can be used as a camera port."", ""category"": ""Overall"", ""match_type"": ""subphrase"", ""weight"": 2.5, ""matched_text"": ""system, two""}, {""phrase"": ""pcr system"", ""category"": ""Diagnostic"", ""match_type"": ""fuzzy_weak"", ""weight"": 1, ""matched_text"": ""ratio:75.0""}]",Yes,1,0.6538265855869991,AQ 100 / 200 System Packs,GEM/2025/R/598431,https://bidplus.gem.gov.in/showradocumentPdf/8773803,,
13,GEM/2025/B/6938628,https://bidplus.gem.gov.in/showbidDocument/8642636,"Repair, Maintenance, and Insta...",1,"Ministry of Steel
Steel Authority of India Limited",30-12-2025 6:00 PM,02-01-2026 6:00 PM,0,0.2646680301876971,0,0,[],No,1,0.5553011092488501,,GEM/2025/R/598430,https://bidplus.gem.gov.in/showradocumentPdf/8773797,,
13,GEM/2025/B/6220260,https://bidplus.gem.gov.in/showbidDocument/7828361,"5242200001,5242200002,52422000...",569,"Ministry of Defence
Department of Defence Production",30-12-2025 6:00 PM,02-01-2026 6:00 PM,0,0.19876111587342105,0,0,[],No,1,0.5543813295848383,,GEM/2025/R/598429,https://bidplus.gem.gov.in/showradocumentPdf/8773793,,
14,GEM/2025/B/6955032,https://bidplus.gem.gov.in/showbidDocument/8661494,,3,"Ministry of Defence
Department of Military Affairs",30-12-2025 6:00 PM,31-12-2025 6:00 PM,0,0.19876111587342105,0,0,[],No,1,0.53792238604803,,GEM/2025/R/598405,https://bidplus.gem.gov.in/showradocumentPdf/8773607,,
14,GEM/2025/B/6883103,https://bidplus.gem.gov.in/showbidDocument/8579426,Calibration Services - Mechani...,1,"Ministry of Power
NA",30-12-2025 6:00 PM,31-12-2025 6:00 PM,0,0.062470717695027864,0,0,[],No,1,0.5918653146859167,,GEM/2025/R/598404,https://bidplus.gem.gov.in/showradocumentPdf/8773606,,
14,GEM/2025/B/7006992,https://bidplus.gem.gov.in/showbidDocument/8720525,Octagonal Pole with Single Arm...,80,Urban Development Department Uttar Pradesh,30-12-2025 6:00 PM,31-12-2025 6:00 PM,0,0.100364583709596,0,0,[],No,1,0.6334701550993231,Fluid Stable Reagents,GEM/2025/R/598401,https://bidplus.gem.gov.in/showradocumentPdf/8773597,,
14,GEM/2025/B/6878737,https://bidplus.gem.gov.in/showbidDocument/8574546,HIRING OF VEHICLE AC MIDSIZE 8...,35406,"Ministry of Petroleum and Natural Gas
NA",30-12-2025 6:00 PM,31-12-2025 6:00 PM,0,0.043243687754782885,0,0,[],No,1,0.589585137782433,,GEM/2025/R/598399,https://bidplus.gem.gov.in/showradocumentPdf/8773584,,
14,GEM/2025/B/6932827,https://bidplus.gem.gov.in/showbidDocument/8636004,,8,"Ministry of Defence
Department of Military Affairs",30-12-2025 6:00 PM,31-12-2025 6:00 PM,0,0.19876111587342105,0,0,[],No,1,0.53792238604803,,GEM/2025/R/598398,https://bidplus.gem.gov.in/showradocumentPdf/8773581,,
14,GEM/2025/B/7023843,https://bidplus.gem.gov.in/showbidDocument/8739315,Design Installation and Mainte...,1,Vocational Education and Skill Development Department Uttar Pradesh,30-12-2025 6:00 PM,31-12-2025 6:00 PM,0,0.07382107048496239,0,0,[],No,1,0.6377565420381752,CelQuant 5 plus Reagents,GEM/2025/R/598395,https://bidplus.gem.gov.in/showradocumentPdf/8773577,,
14,GEM/2025/B/7018464,https://bidplus.gem.gov.in/showbidDocument/8733285,Removing of Clamp cantilever j...,5,"Ministry of Defence
Department of Military Affairs",30-12-2025 6:00 PM,01-01-2026 9:00 AM,0,0.24370860444292466,0,0,[],No,1,0.5527804406570435,,GEM/2025/R/598392,https://bidplus.gem.gov.in/showradocumentPdf/8773567,,
14,GEM/2025/B/6935678,https://bidplus.gem.gov.in/showbidDocument/8639253,,120,Women and Child Development Department Gujarat,30-12-2025 6:00 PM,31-12-2025 6:00 PM,0,0.19876111587342105,0,0,[],No,1,0.53792238604803,,GEM/2025/R/598391,https://bidplus.gem.gov.in/showradocumentPdf/8773565,,
14,GEM/2025/B/6679980,https://bidplus.gem.gov.in/showbidDocument/8347136,"BS 970 EN 42 Flat 05 x 7 mm,BS...",3270,"Ministry of Home Affairs
Central Armed Police Forces",30-12-2025 6:00 PM,31-12-2025 6:00 PM,0,0.2734714517286135,1,33,"[{""phrase"": ""0"", ""category"": ""Overall"", ""match_type"": ""exact"", ""weight"": 3, ""matched_text"": ""0""}]",Yes,1,0.6078683398929197,,GEM/2025/R/598390,https://bidplus.gem.gov.in/showradocumentPdf/8773563,,
14,GEM/2025/B/7023673,https://bidplus.gem.gov.in/showbidDocument/8739122,Design Installation and Mainte...,1,Vocational Education and Skill Development Department Uttar Pradesh,30-12-2025 6:00 PM,31-12-2025 6:00 PM,0,0.07382107048496239,0,0,[],No,1,0.6377565420381752,CelQuant 5 plus Reagents,GEM/2025/R/598389,https://bidplus.gem.gov.in/showradocumentPdf/8773554,,
15,GEM/2025/B/6935416,https://bidplus.gem.gov.in/showbidDocument/8638962,"Card Sheets Big A3 Size,Mini S...",45600,Women and Child Development Department Gujarat,30-12-2025 6:00 PM,31-12-2025 6:00 PM,0,0.189300984705728,0,0,[],No,1,0.6523786473648723,AQ 100 / 200 System Packs,GEM/2025/R/598385,https://bidplus.gem.gov.in/showradocumentPdf/8773546,,
15,GEM/2025/B/6676826,https://bidplus.gem.gov.in/showbidDocument/8343624,Drop Arm Barrier (Boom Barrier...,8,"Ministry of Defence
Department of Defence Research & Development",30-12-2025 6:00 PM,31-12-2025 6:00 PM,0,0.28973822850197983,0,0,[],No,1,0.5503054707964984,,GEM/2025/R/598384,https://bidplus.gem.gov.in/showradocumentPdf/8773539,"{""title"": ""×\nPublish Representations"", ""content"": [], ""changes"": []}",
15,GEM/2025/B/6862592,https://bidplus.gem.gov.in/showbidDocument/8556003,,2,Health & Family Welfare Department Gujarat,30-12-2025 6:00 PM,31-12-2025 6:00 PM,0,0.19876111587342105,0,0,[],No,1,0.53792238604803,,GEM/2025/R/598403,https://bidplus.gem.gov.in/showradocumentPdf/8773603,"{""title"": ""×\nPublish Representations"", ""content"": [], ""changes"": []}",
15,GEM/2025/B/6966080,https://bidplus.gem.gov.in/showbidDocument/8673861,,170,Panchayats and Rural Housing Department Gujarat,30-12-2025 6:00 PM,31-12-2025 6:00 PM,0,0.19876111587342105,0,0,[],No,1,0.53792238604803,,GEM/2025/R/598410,https://bidplus.gem.gov.in/showradocumentPdf/8773636,,
15,GEM/2025/B/6966637,https://bidplus.gem.gov.in/showbidDocument/8674484,Drinking Water ATM / Water Ven...,2,Panchayats and Rural Housing Department Gujarat,30-12-2025 6:00 PM,31-12-2025 6:00 PM,0,0.049339914331306745,0,0,[],No,1,0.5591958310773149,,GEM/2025/R/598400,https://bidplus.gem.gov.in/showradocumentPdf/8773593,,
15,GEM/2025/B/6833725,https://bidplus.gem.gov.in/showbidDocument/8522793,,1,"Ministry of Defence
Department of Military Affairs",30-12-2025 6:00 PM,31-12-2025 6:00 PM,0,0.19876111587342105,0,0,[],No,1,0.53792238604803,,GEM/2025/R/598416,https://bidplus.gem.gov.in/showradocumentPdf/8773740,,
15,GEM/2025/B/7018753,https://bidplus.gem.gov.in/showbidDocument/8733598,Removing of Spool stand Plate ...,5,"Ministry of Defence
Department of Military Affairs",30-12-2025 6:00 PM,01-01-2026 9:00 AM,0,0.2319558145044728,0,0,[],No,1,0.5423251204639054,,GEM/2025/R/598415,https://bidplus.gem.gov.in/showradocumentPdf/8773738,,
15,GEM/2025/B/6781302,https://bidplus.gem.gov.in/showbidDocument/8462963,,1,"Ministry of Defence
Department of Military Affairs",30-12-2025 6:00 PM,31-12-2025 6:00 PM,0,0.19876111587342105,0,0,[],No,1,0.53792238604803,,GEM/2025/R/598413,https://bidplus.gem.gov.in/showradocumentPdf/8773667,,
15,GEM/2025/B/6849476,https://bidplus.gem.gov.in/showbidDocument/8540954,Survey or Market Research Serv...,1,"Ministry of Railways
Railways Public Sector Undertakings",30-12-2025 6:00 PM,31-12-2025 6:00 PM,0,0.12320506359725436,0,0,[],No,1,0.549588932678803,,GEM/2025/R/598412,https://bidplus.gem.gov.in/showradocumentPdf/8773659,,
15,GEM/2025/B/6362283,https://bidplus.gem.gov.in/showbidDocument/7986780,,47,Medical Education Department Uttar Pradesh,30-12-2025 6:00 PM,31-12-2025 6:00 PM,0,0.19876111587342105,0,0,[],No,1,0.53792238604803,,GEM/2025/R/598393,https://bidplus.gem.gov.in/showradocumentPdf/8773573,,
16,GEM/2025/B/6775513,https://bidplus.gem.gov.in/showbidDocument/8456370,Custom Bid for Services - BIEN...,1,"Ministry of Defence
Department of Defence Production",30-12-2025 6:00 PM,31-12-2025 6:00 PM,0,0.05022429799071467,0,0,[],No,1,0.5814832660095107,,GEM/2025/R/598436,https://bidplus.gem.gov.in/showradocumentPdf/8773842,,
16,GEM/2025/B/6887702,https://bidplus.gem.gov.in/showbidDocument/8584648,Design Installation and Mainte...,2,Higher Education Department Uttar Pradesh,30-12-2025 6:00 PM,31-12-2025 6:00 PM,0,0.07382107048496239,0,0,[],No,1,0.6377565420381752,CelQuant 5 plus Reagents,GEM/2025/R/598434,https://bidplus.gem.gov.in/showradocumentPdf/8773836,"{""title"": ""×\nPublish Representations"", ""content"": [], ""changes"": []}",
16,GEM/2025/B/7001139,https://bidplus.gem.gov.in/showbidDocument/8713687,Indicating lamp integral LED R...,9,"Ministry of Defence
Department of Defence",30-12-2025 6:00 PM,31-12-2025 6:00 PM,0,0.10022833637133118,0,0,[],No,1,0.5516944594261353,,GEM/2025/R/598428,https://bidplus.gem.gov.in/showradocumentPdf/8773789,,
16,GEM/2025/B/6877151,https://bidplus.gem.gov.in/showbidDocument/8572773,"Design, Fabrication and Supply...",1,"Ministry of Science and Technology
Department of Science and Technology (DST)",30-12-2025 6:00 PM,31-12-2025 6:00 PM,0,0.06012137597137429,0,0,[],No,1,0.552886623178369,,GEM/2025/R/598418,https://bidplus.gem.gov.in/showradocumentPdf/8773746,,
16,GEM/2025/B/6712402,https://bidplus.gem.gov.in/showbidDocument/8384075,"HEAT SHRINKABLE SLEEVE,RFID Ta...",5140,"Ministry of Defence
Department of Military Affairs",30-12-2025 6:00 PM,31-12-2025 6:00 PM,0,0.12470372931268875,1,33,"[{""phrase"": ""RF"", ""category"": ""Overall"", ""match_type"": ""exact"", ""weight"": 3, ""matched_text"": ""RF""}]",Yes,1,0.5544544190842974,,GEM/2025/R/598448,https://bidplus.gem.gov.in/list-ra-schedules/8773908,"{""title"": ""×\nPublish Representations"", ""content"": [], ""changes"": []}",
16,GEM/2025/B/6906722,https://bidplus.gem.gov.in/showbidDocument/8606343,Nylon Wire for brush cutter op...,138,"Ministry of Defence
Department of Military Affairs",30-12-2025 6:00 PM,31-12-2025 6:00 PM,0,0.30019883433143935,0,0,[],No,1,0.5433280438028728,,GEM/2025/R/598435,https://bidplus.gem.gov.in/showradocumentPdf/8773839,,
16,GEM/2025/B/6979889,https://bidplus.gem.gov.in/showbidDocument/8690187,Vocational Training Services ...,1200,Home Department Gujarat,30-12-2025 6:00 PM,31-12-2025 6:00 PM,0,0.09106447754531778,0,0,[],No,1,0.5337194997386275,,GEM/2025/R/598444,https://bidplus.gem.gov.in/showradocumentPdf/8773869,,
16,GEM/2025/B/7002295,https://bidplus.gem.gov.in/showbidDocument/8715126,Toner Cartridges / Ink Cartrid...,3,"Ministry of Law and Justice
District & Sesions Judge",30-12-2025 6:00 PM,31-12-2025 6:00 PM,0,0.03607408436380177,1,33,"[{""phrase"": ""cartridges"", ""category"": ""Endo"", ""match_type"": ""exact"", ""weight"": 3, ""matched_text"": ""cartridges""}]",Yes,1,0.5850905480261247,Endo,GEM/2025/R/598388,https://bidplus.gem.gov.in/showradocumentPdf/8773552,,
16,GEM/2025/B/6936703,https://bidplus.gem.gov.in/showbidDocument/8640469,,2,"Ministry of Labour and Employment
Employees State Insuarnce Corporation",30-12-2025 6:00 PM,31-12-2025 6:00 PM,0,0.19876111587342105,0,0,[],No,1,0.53792238604803,,GEM/2025/R/598420,https://bidplus.gem.gov.in/showradocumentPdf/8773760,"{""title"": ""×\nPublish Representations"", ""content"": [], ""changes"": []}",
16,GEM/2025/B/6997719,https://bidplus.gem.gov.in/showbidDocument/8709882,"10537360,10308056,10536925,104...",1249,"Ministry of Defence
Department of Military Affairs",30-12-2025 6:00 PM,31-12-2025 6:00 PM,0,0.13824355611713246,0,0,[],No,1,0.5436415183320237,,GEM/2025/R/598386,https://bidplus.gem.gov.in/showradocumentPdf/8773547,,
17,GEM/2025/B/6855815,https://bidplus.gem.gov.in/showbidDocument/8548278,"SPEED SENSOR CRANK SHAFT BS-6,...",6146,Transport Department Uttar Pradesh,30-12-2025 6:00 PM,31-12-2025 6:00 PM,0,0.2396142969571588,0,0,[],No,1,0.5544802639691105,,GEM/2025/R/598433,https://bidplus.gem.gov.in/list-ra-schedules/8773833,,
17,GEM/2025/B/6965699,https://bidplus.gem.gov.in/showbidDocument/8673437,"All in One PC (V2),Multifuncti...",10,Panchayats and Rural Housing Department Gujarat,30-12-2025 6:00 PM,31-12-2025 6:00 PM,0,0.06649931539870349,0,0,[],No,1,0.5626408337092171,,GEM/2025/R/598414,https://bidplus.gem.gov.in/showradocumentPdf/8773737,,
17,GEM/2025/B/6923078,https://bidplus.gem.gov.in/showbidDocument/8624781,,2,"Ministry of Defence
Department of Military Affairs",30-12-2025 6:00 PM,31-12-2025 6:00 PM,0,0.19876111587342105,0,0,[],No,1,0.53792238604803,,GEM/2025/R/598449,https://bidplus.gem.gov.in/showradocumentPdf/8773909,,
17,GEM/2025/B/6899966,https://bidplus.gem.gov.in/showbidDocument/8598661,Copper alloy Taps/Stop Valves ...,142,"Ministry of Defence
Department of Military Affairs",30-12-2025 6:00 PM,31-12-2025 6:00 PM,0,0.1181965710991924,0,0,[],No,1,0.5602839760152593,,GEM/2025/R/598402,https://bidplus.gem.gov.in/showradocumentPdf/8773601,,
17,GEM/2025/B/6781951,https://bidplus.gem.gov.in/showbidDocument/8463674,Battery Secondary Lead Acid MT...,21,"Ministry of Defence
Department of Defence Research & Development",30-12-2025 6:00 PM,31-12-2025 6:00 PM,0,0.10238467907271614,0,0,[],No,1,0.6934656997606936,AQ 100 / 200 System Packs,GEM/2025/R/598424,https://bidplus.gem.gov.in/showradocumentPdf/8773774,,
17,GEM/2025/B/6997719,https://bidplus.gem.gov.in/showbidDocument/8709882,"10537360,10308056,10536925,104...",1249,"Ministry of Defence
Department of Military Affairs",30-12-2025 6:00 PM,31-12-2025 6:00 PM,0,0.13824355611713246,0,0,[],No,1,0.5436415183320237,,GEM/2025/R/598386,https://bidplus.gem.gov.in/showradocumentPdf/8773547,,
17,GEM/2025/B/6905990,https://bidplus.gem.gov.in/showbidDocument/8605534,Operation And Maintenance Of H...,1,Health and Family Welfare Department Chhattisgarh,30-12-2025 6:00 PM,31-12-2025 6:00 PM,0,0.06067772884863531,0,0,[],No,1,0.6845898545995804,CelQuant 5 plus Reagents,GEM/2025/R/598387,https://bidplus.gem.gov.in/showradocumentPdf/8773549,,
17,GEM/2025/B/6693315,https://bidplus.gem.gov.in/showbidDocument/8362255,Repair and Overhauling Service...,1,"Ministry of Defence
Department of Military Affairs",30-12-2025 6:00 PM,31-12-2025 6:00 PM,0,0.012853644550654447,0,0,[],No,1,0.6367513456219948,CelQuant 5 plus Reagents,GEM/2025/R/598446,https://bidplus.gem.gov.in/showradocumentPdf/8773876,,
17,GEM/2025/B/6869524,https://bidplus.gem.gov.in/showbidDocument/8563905,Custom Bid for Services - Mech...,1,"Ministry of Petroleum and Natural Gas
INDIAN OIL CORPORATION LIMITED",30-12-2025 6:00 PM,02-01-2026 3:00 PM,0,0.04338526821341166,0,0,[],No,1,0.5943737746632519,,GEM/2025/R/598417,https://bidplus.gem.gov.in/showradocumentPdf/8773745,,
17,GEM/2025/B/6989507,https://bidplus.gem.gov.in/showbidDocument/8700788,,20000,Urban Development & Housing Department Bihar,30-12-2025 6:00 PM,31-12-2025 9:00 PM,0,0.19876111587342105,0,0,[],No,1,0.53792238604803,,GEM/2025/R/598411,https://bidplus.gem.gov.in/showradocumentPdf/8773640,,
